{
  "split": "test_prefs",
  "num_examples": 2000,
  "pair_accuracy": 0.5505,
  "auc": 0.55573375,
  "mean_margin": 0.31035807728767395,
  "std_margin": 1.7744072675704956
}